item_id,sae_arm,dialect_arm
IE01,A,B
IE02,B,A
IE03,B,A
IE04,A,B
IE05,B,A
IE06,A,B
IE07,B,A
IE08,B,A
IE09,B,A
IE10,B,A
IE11,A,B
IE12,A,B
IE13,B,A
IE14,B,A
IE15,A,B
IE16,A,B
IE17,A,B
IE18,A,B
IE19,A,B
IE20,B,A
IE21,A,B
IE22,A,B
IE23,A,B
IE24,A,B
IE25,B,A
IE26,B,A
IE27,B,A
IE28,A,B
IE29,A,B
IE30,A,B
IE31,A,B
IE32,B,A
AAE00,A,B
AAE01,A,B
AAE02,B,A
AAE03,B,A
AAE04,A,B
AAE05,B,A
AAE06,A,B
AAE07,A,B
AAE08,B,A
AAE09,A,B
AAE10,A,B
AAE11,A,B
AAE12,B,A
AAE13,A,B
AAE14,A,B
AAE15,B,A
AAE16,B,A
AAE17,B,A
AAE18,A,B
AAE19,A,B
