# Hand coding of the 72 responses to the four locale-sensitive items (IE26 CPR, IE27 passport, IE28 bank account, IE32 noise complaint).
# content_jurisdiction: US | India | mixed | generic. disclosure: explicit | hedge | none. Definitions in the paper's Methods.
item_id,arm,condition,model,rep,content_jurisdiction,disclosure
IE26,A,DIALECT,google/gemma-4-31b-it,1,US,hedge
IE26,A,DIALECT,google/gemma-4-31b-it,2,US,hedge
IE26,A,DIALECT,google/gemma-4-31b-it,3,US,none
IE26,B,SAE,google/gemma-4-31b-it,1,US,explicit
IE26,B,SAE,google/gemma-4-31b-it,2,US,explicit
IE26,B,SAE,google/gemma-4-31b-it,3,US,explicit
IE26,A,DIALECT,meta/llama-3.3-70b-instruct,1,US,hedge
IE26,A,DIALECT,meta/llama-3.3-70b-instruct,2,US,hedge
IE26,A,DIALECT,meta/llama-3.3-70b-instruct,3,US,hedge
IE26,B,SAE,meta/llama-3.3-70b-instruct,1,US,hedge
IE26,B,SAE,meta/llama-3.3-70b-instruct,2,US,hedge
IE26,B,SAE,meta/llama-3.3-70b-instruct,3,US,hedge
IE26,A,DIALECT,z-ai/glm-5.2,1,US,hedge
IE26,A,DIALECT,z-ai/glm-5.2,2,US,hedge
IE26,A,DIALECT,z-ai/glm-5.2,3,US,hedge
IE26,B,SAE,z-ai/glm-5.2,1,US,explicit
IE26,B,SAE,z-ai/glm-5.2,2,US,explicit
IE26,B,SAE,z-ai/glm-5.2,3,US,explicit
IE27,A,DIALECT,google/gemma-4-31b-it,1,generic,explicit
IE27,A,DIALECT,google/gemma-4-31b-it,2,generic,explicit
IE27,A,DIALECT,google/gemma-4-31b-it,3,generic,explicit
IE27,B,SAE,google/gemma-4-31b-it,1,US,explicit
IE27,B,SAE,google/gemma-4-31b-it,2,US,explicit
IE27,B,SAE,google/gemma-4-31b-it,3,US,explicit
IE27,A,DIALECT,meta/llama-3.3-70b-instruct,1,India,none
IE27,A,DIALECT,meta/llama-3.3-70b-instruct,2,India,none
IE27,A,DIALECT,meta/llama-3.3-70b-instruct,3,India,none
IE27,B,SAE,meta/llama-3.3-70b-instruct,1,US,none
IE27,B,SAE,meta/llama-3.3-70b-instruct,2,US,none
IE27,B,SAE,meta/llama-3.3-70b-instruct,3,US,none
IE27,A,DIALECT,z-ai/glm-5.2,1,India,none
IE27,A,DIALECT,z-ai/glm-5.2,2,India,none
IE27,A,DIALECT,z-ai/glm-5.2,3,India,none
IE27,B,SAE,z-ai/glm-5.2,1,US,explicit
IE27,B,SAE,z-ai/glm-5.2,2,US,explicit
IE27,B,SAE,z-ai/glm-5.2,3,US,explicit
IE28,B,DIALECT,google/gemma-4-31b-it,1,mixed,explicit
IE28,B,DIALECT,google/gemma-4-31b-it,2,generic,none
IE28,B,DIALECT,google/gemma-4-31b-it,3,generic,none
IE28,A,SAE,google/gemma-4-31b-it,1,US,none
IE28,A,SAE,google/gemma-4-31b-it,2,US,none
IE28,A,SAE,google/gemma-4-31b-it,3,US,none
IE28,B,DIALECT,meta/llama-3.3-70b-instruct,1,generic,none
IE28,B,DIALECT,meta/llama-3.3-70b-instruct,2,generic,none
IE28,B,DIALECT,meta/llama-3.3-70b-instruct,3,generic,none
IE28,A,SAE,meta/llama-3.3-70b-instruct,1,US,none
IE28,A,SAE,meta/llama-3.3-70b-instruct,2,US,none
IE28,A,SAE,meta/llama-3.3-70b-instruct,3,US,none
IE28,B,DIALECT,z-ai/glm-5.2,1,US,hedge
IE28,B,DIALECT,z-ai/glm-5.2,2,US,hedge
IE28,B,DIALECT,z-ai/glm-5.2,3,US,hedge
IE28,A,SAE,z-ai/glm-5.2,1,US,none
IE28,A,SAE,z-ai/glm-5.2,2,US,none
IE28,A,SAE,z-ai/glm-5.2,3,US,none
IE32,A,DIALECT,google/gemma-4-31b-it,1,generic,none
IE32,A,DIALECT,google/gemma-4-31b-it,2,generic,none
IE32,A,DIALECT,google/gemma-4-31b-it,3,generic,none
IE32,B,SAE,google/gemma-4-31b-it,1,US,explicit
IE32,B,SAE,google/gemma-4-31b-it,2,US,explicit
IE32,B,SAE,google/gemma-4-31b-it,3,US,explicit
IE32,A,DIALECT,meta/llama-3.3-70b-instruct,1,generic,hedge
IE32,A,DIALECT,meta/llama-3.3-70b-instruct,2,generic,hedge
IE32,A,DIALECT,meta/llama-3.3-70b-instruct,3,generic,explicit
IE32,B,SAE,meta/llama-3.3-70b-instruct,1,US,hedge
IE32,B,SAE,meta/llama-3.3-70b-instruct,2,US,hedge
IE32,B,SAE,meta/llama-3.3-70b-instruct,3,US,hedge
IE32,A,DIALECT,z-ai/glm-5.2,1,generic,hedge
IE32,A,DIALECT,z-ai/glm-5.2,2,generic,hedge
IE32,A,DIALECT,z-ai/glm-5.2,3,mixed,none
IE32,B,SAE,z-ai/glm-5.2,1,US,explicit
IE32,B,SAE,z-ai/glm-5.2,2,US,explicit
IE32,B,SAE,z-ai/glm-5.2,3,US,explicit
